keyword,category,priority,status
第二新卒 IT 転職,体験談,high,published
第二新卒 転職エージェント 比較,エージェント比較,high,published
Web業界 未経験 転職,業界解説,medium,published
第二新卒 プログラミング 未経験,体験談,medium,in_progress
第二新卒 転職 失敗,体験談,medium,planned
IT業界 職種 一覧,業界解説,low,planned
転職サイト 転職エージェント 使い分け,エージェント比較,high,published
ビズリーチ 第二新卒,体験談,high,in_progress
第二新卒とは 定義 年齢,業界解説,high,published
転職エージェント 紹介 自己応募 比較,体験談,high,published
面接 志望動機 詰まった 失敗,体験談,medium,in_progress
AIO SEO 未経験 転職,業界解説,medium,published
第二新卒 退職金 もらえない,業界解説,high,in_progress
転職エージェント 仕組み 無料 なぜ,業界解説,high,in_progress
転職エージェント 無料 なぜ 断る,業界解説,high,in_progress
転職エージェントは本当に無料なのか,業界解説,medium,in_progress
転職エージェントは断ってもいい?,業界解説,medium,in_progress
有給休暇は転職時に消化できる?,業界解説,medium,planned
退職金 勤続年数 3年未満,業界解説,medium,in_progress
ボーナス もらってから 転職 タイミング,業界解説,medium,in_progress
退職 有給消化 転職 資金,業界解説,medium,planned
IT業界 やめとけ SES やめとけ,体験談,high,planned
第二新卒 転職 職務経歴書 書き方,体験談,high,planned
第二新卒 面接 逆質問,体験談,high,planned
エージェント 合わない 変更,体験談,medium,planned
転職エージェント 複数登録 メリット,エージェント比較,medium,planned
人材紹介 仕組み,業界解説,medium,in_progress
面接の逆質問 何を聞けばいい?,業界解説,medium,planned
IT業界 未経験でも大丈夫?,業界解説,medium,planned
